,Unnamed: 0.1,Unnamed: 0,Name,Sector,Address,City,State or Province,Zip,Country,Phone,Url,Revenue ($mlns),Employees,Ownership Status,Investors/Acquirers,Buy M&A Count - Total,Avg. Buy Count Per Year (Last 5 Yrs),Sell M&A Count - Total,Avg. Sell Count Per Year (Last 5 Yrs),Twitter URL,Twitter Handle,Subsidiary
49,81,240,AECOM,Business Services,300 South Grand Avenue 9th Floor,Los Angeles,California,90071,United States,(213) 593-8100,www.aecom.com,"13,240",54000,Public,,12,0.2,5,0.8,https://twitter.com/AECOM,AECOM,FALSE
20,43,142,AerSale,Aerospace,121 Alhambra Plaza Suite 1110,Coral Gables,Florida,33134,United States,(305) 764-3232,www.aersale.com,"20,908",470,Public,,2,0.4,,,https://twitter.com/aersale,aersale,FALSE
9,24,87,Arrow Electronics,Distribution,9201 East Dry Creek Road,Centennial,Colorado,80112,United States,(303) 824-4000,www.arrow.com,"34,477",20700,Public,,34,0.2,1,,https://twitter.com/Arrow_dot_com,Arrow_dot_com,FALSE
23,46,148,AutoNation,Automotive,200 SW 1st Avenue Fort Lauderdale,Fort Lauderdale,Florida,33301,United States,(954) 769-6000,www.autonation.com,"20,390",21600,Public,,13,0.2,1,,https://twitter.com/AutoNation,AutoNation,FALSE
34,61,182,Avnet,Distribution,2211 South 47th Street,Phoenix,Arizona,85034,United States,(480) 643-2000,www.avnet.com,"17,634",14600,Public,,78,0.4,6,0.2,https://twitter.com/avnet,avnet,FALSE
46,78,231,Berry,Plastics,101 Oakley Street,Evansville,Indiana,47710,United States,(812) 424-2904,www.berryglobal.com,"13,850",47000,Public,,14,0.4,2,0.4,https://twitter.com/berryglobalinc,berryglobalinc,FALSE
36,64,192,BJ's,Retail,25 Research Drive,Westborough,Massachusetts,1581,United States,(774) 512-7400,www.bjs.com,"16,667",34000,Public,,,,,,https://twitter.com/BJsWholesale,BJsWholesale,FALSE
3,13,52,Bunge,Agriculture,1391 Timberlake Manor Parkway,St. Louis,Missouri,63017,United States,(314) 292-2000,www.bunge.com,"59,152",22000,Public,,10,,4,0.2,https://twitter.com/bunge,bunge,FALSE
38,66,197,C.H. Robinson Worldwide,Transportation,14701 Charlson Road,Eden Prairie,Minnesota,55347,United States,(952) 937-8500,www.chrobinson.com,"16,207",14997,Public,,24,0.8,1,,https://twitter.com/CHRobinson,CHRobinson,FALSE
52,84,245,Carvana,E-Commerce,1930 West Rio Salado Parkway,Tempe,Arizona,85281,United States,(480) 719-8809,www.carvana.com,"12,814",21000,Public,,3,0.4,,,https://twitter.com/carvana,carvana,FALSE
8,23,80,Coca-Cola,Beverages,One Coca-Cola Plaza,Atlanta,Georgia,30313,United States,(404) 676-2121,www.coca-colacompany.com,"38,660",80300,Public,,18,0.4,8,0.6,https://twitter.com/CocaCola,CocaCola,FALSE
1,8,26,Dell,Technology Hardware,1 Dell Way,Round Rock,Texas,78682,United States,(800) 289-3355,www.delltechnologies.com,"101,197",133000,Public,,29,,7,0.2,https://twitter.com/delltech,delltech,FALSE
2,12,44,Energy Transfer,Energy Services and Equipment,"8111 Westchester Drive, Suite 600",Dallas,Texas,75225,United States,(214) 981-0700,www.energytransfer.com,"67,417",12558,Public,,9,0.6,1,,https://twitter.com/EnergyTransfer,EnergyTransfer,FALSE
7,22,79,Enterprise Products Partners,Oil/Gas Exploration,"1100 Louisiana Street, 10th Floor",Houston,Texas,77002,United States,(713) 381-6500,www.enterpriseproducts.com,"40,807",0,Public,,19,0.4,5,0.2,,,FALSE
0,7,24,Facebook,Internet Software and Services,1601 Willow Road,Menlo Park,California,94025,United States,(650) 543-4800,www.facebook.com,"117,929",77805,Public,,83,3.2,,,https://twitter.com/facebook,facebook,FALSE
40,69,208,Fidelity National Financial,Insurance,601 Riverside Avenue,Jacksonville,Florida,32204,United States,(904) 854-8100,www.fnf.com,"15,054",28290,Public,,29,1,8,0.6,https://twitter.com/FidelityNF,FidelityNF,FALSE
51,83,244,Fox,Media,1211 Avenue of the Americas,New York,New York,10036,United States,(212) 852-7000,www.foxcorporation.com,"12,909",9000,Public,,4,0.8,,,,,FALSE
47,79,234,GAP,Apparel/Textiles,2 Folsom Street,San Francisco,California,94105,United States,(415) 427-0100,www.gapinc.com,"13,800",117000,Public,,7,0.6,4,0.6,https://twitter.com/GapInc,GapInc,FALSE
31,57,170,HF Sinclair,Oil/Gas Exploration,"2828 North Harwood, Suite 1300",Dallas,Texas,75201,United States,(214) 871-3555,www.hfsinclair.com,"18,389",4208,Public,,4,0.6,2,,,,FALSE
43,73,219,ITW,Manufacturing,155 Harlem Avenue,Glenview,Illinois,60025,United States,(847) 724-7500,www.itw.com,"14,455",45000,Public,,48,0.2,13,0.6,,,FALSE
10,28,98,Jabil,Manufacturing,"10560 Drive Martin Luther King, Jr. Street North",St. Petersburg,Florida,33716,United States,(727) 577-9749,www.jabil.com,"29,285",260000,Public,,7,0.2,,,https://twitter.com/Jabil,Jabil,FALSE
26,50,159,JLL,Real Estate,200 East Randolph Drive,Chicago,Illinois,60601,United States,(312) 782-5800,www.jll.com,"19,367",98200,Public,,29,1.8,,,https://twitter.com/JLL,JLL,FALSE
25,49,158,Kohl's ,Retail,N56 W17000 Ridgewood Drive,Menomonee Falls,Wisconsin,53051,United States,(262) 703-7000,www.Kohls.com,"19,433",99000,Public,,,,,,https://twitter.com/kohls,kohls,FALSE
29,55,166,Kyndryl,Information Technology,One Vanderbilt Avenue 15th Floor,New York,New York,10017,United States,(212) 896-2098,www.kyndryl.com,"18,657",90000,Public,,,,,,https://twitter.com/kyndryl,kyndryl,FALSE
32,58,175,Landos,Life Science,"1800 Kraft Drive, Suite 216",Blacksburg,Virginia,24060,United States,(540) 218-2232,www.landosbiopharma.com,"18,000",46,Public,,,,,,https://twitter.com/landosbio,landosbio,FALSE
27,51,161,Lear,Automotive,21557 Telegraph Road,Southfield,Michigan,48033,United States,(248) 447-1500,www.lear.com,"19,263",160100,Public,,21,1,1,,https://twitter.com/LearCorporation,LearCorporation,FALSE
19,41,134,Lithia Motors,Automotive,150 North Bartlett Street,Medford,Oregon,97501,United States,(541) 776-6401,www.lithiainvestorrelations.com,"22,832",21150,Public,,20,1.6,,,https://www.twitter.com/lithiamotors,lithiamotors,FALSE
48,80,235,Loews,Diversified,667 Madison Avenue,New York,New York,10065,United States,(212) 521-2000,www.loews.com,"13,742",10340,Public,,1,,1,0.2,,,FALSE
13,34,116,Macy's,Retail,151 West 34th Street,New York,New York,10001,United States,(212) 494-1602,www.macysinc.com,"25,292",123000,Public,,4,0.2,2,,https://twitter.com/macysnews,macysnews,FALSE
21,44,144,ManpowerGroup,Staffing,100 Manpower Place,Milwaukee,Wisconsin,53212,United States,(414) 961-1000,www.manpowergroup.com,"20,724",30000,Public,,14,0.2,,,https://twitter.com/ManpowerGroup,ManpowerGroup,FALSE
50,82,243,Markel,Insurance,4521 Highwoods Parkway ,Glen Allen,Virginia,23060,United States,(804) 747-0136,www.markel.com,"12,910",20300,Public,Alliance Holdings,13,1,,,https://twitter.com/MarkelStyle,MarkelStyle,FALSE
41,70,213,Nordstrom,Retail,1617 Sixth Avenue,Seattle,Washington,98101,United States,(206) 628-2111,www.nordstrom.com,"14,789",72000,Public,,7,0.4,5,,https://twitter.com/nordstrom,nordstrom,FALSE
11,32,111,NRG,Utilities,910 Louisiana Street,Houston,New Jersey,77002,United States,(713) 537-3000,www.nrg.com,"26,989",6635,Public,,15,0.2,6,0.4,https://twitter.com/picknrg,picknrg,FALSE
28,54,165,PACCAR,Automotive,777-106th Avenue NE,Bellevue,Washington,98004,United States,(425) 468-7400,www.paccar.com,"18,729",26000,Public,,2,,,,,,FALSE
22,45,146,Penske,Retail,2555 Telegraph Road,Bloomfield Hills,Michigan,48302,United States,(248) 648-2500,www.penskeautomotive.com,"20,444",23000,Public,,23,0.8,,,https://twitter.com/penskecars,penskecars,FALSE
14,35,119,PFG,Distribution,12500 West Creek Parkway,Richmond,Virginia,23238,United States,(804) 484-7700,www.pfgc.com,"25,086",20000,Public,,6,0.6,1,,,,FALSE
30,56,169,PG&E,Utilities,"77 Beale Street, PO Box 770000",San Francisco,California,94177,United States,(415) 973-1000,www.pgecorp.com,"18,469",24000,Public,,,,,,https://twitter.com/pge4me,pge4me,FALSE
17,39,128,Plains All American,Energy Services and Equipment,"333 Clay Street, Suite 1600",Houston,Texas,77002,United States,(713) 646-4100,www.plainsallamerican.com,"23,290",4400,Public,Kayne Anderson Capital Advisors LP|First Reserve Management L.P.|EnCap Investments|EnCap Flatrock Midstream,7,0.2,2,0.4,,,FALSE
44,75,222,Qurate Retail,E-Commerce,12300 Liberty Blvd.,Englewood,Colorado,80112,United States,(720) 875-5300,www.qurateretail.com,"14,177",26508,Public,,1,,,,https://twitter.com/qurateretailgrp,qurateretailgrp,FALSE
42,72,217,RGA,Insurance,16600 Swingley Ridge Road,Chesterfield,Missouri,63017,United States,(636) 736-7000,www.rgare.com,"14,596",3600,Public,,4,0.2,1,0.2,https://twitter.com/RGA_RE,RGA_RE,FALSE
16,38,123,Rite Aid,Retail,30 Hunter Lane,Camp Hill,Pennsylvania,17011,United States,(717) 761-2633,www.riteaid.com,"24,043",50000,Public,,12,0.4,1,,http://www.twitter.com/RiteAid,RiteAid,FALSE
39,68,203,Rocket Companies,Business Services,1050 Woodward Avenue,Detroit,Michigan,48226,United States,(313) 373-7990,www.rocketcompanies.com,"15,549",26000,Public,,1,0.2,,,https://www.twitter.com/rocketcompanies,rocketcompanies,FALSE
39,68,203,Rocket Companies,Business Services,1050 Woodward Avenue,Detroit,Michigan,48226,United States,(313) 373-7990,www.rocketcompanies.com,"15,549",26000,Public,,1,0.2,,,https://www.twitter.com/rocketpressroom,rocketpressroom,TRUE
4,14,59,StoneX,Business Services,155 East 44th Street Suite 900,New York,New York,10017,United States,(212) 485-3500,www.stonex.com,"54,140",2946,Public,,17,2.4,,,https://twitter.com/StoneX_Official,StoneX_Official,FALSE
35,63,188,Stryker,Medical Products,2825 Airview Boulevard,Kalamazoo,Michigan,49002,United States,(269) 385-2600,www.stryker.com,"17,108",46000,Public,,43,2.2,5,0.6,https://twitter.com/strykercomm,strykercomm,FALSE
15,36,121,TD SYNNEX,Business Services,44201 Nobel Drive,Fremont,California,94538,United States,(510) 656-3333,www.synnexcorp.com,"24,676",22000,Public,Apollo Global Management,15,0.4,,,https://twitter.com/SYNNEX,SYNNEX,FALSE
33,60,181,Tenet Health,Healthcare Services,14201 Dallas Parkway,Dallas,Texas,75254,United States,(469) 893-2200,www.tenethealth.com,"17,640",85800,Public,,6,0.2,10,0.4,https://twitter.com/tenethealth,tenethealth,FALSE
6,21,78,TJX,Retail,770 Cochituate Road,Framingham,Massachusetts,1701,United States,(508) 390-1000,www.tjx.com,"41,717",320000,Public,,5,0.2,1,,https://twitter.com/tjmaxx,tjmaxx,FALSE
5,19,73,Tyson,Food,2200 W. Don Tyson Parkway,Springdale,Arkansas,72762,United States,(479) 290-4000,www.tysonfoods.com,"43,185",139000,Public,,13,0.6,6,0.6,https://twitter.com/TysonFoods,TysonFoods,FALSE
12,33,113,UNFI,Distribution,313 Iron Horse Way,Providence,Rhode Island,2908,United States,(401) 528-8634,www.unfi.com,"26,514",28300,Public,,8,0.2,,,https://twitter.com/UNFI,UNFI,FALSE
18,40,132,US Foods,Distribution,"9399 West Higgins Road, Suite 500",Rosemont,Illinois,60018,United States,(847) 720-8000,www.usfoods.com,"22,885",26000,Public,KKR & Co. L.P.,23,0.4,,,https://twitter.com/usfoods,usfoods,FALSE
45,76,224,Wayfair,E-Commerce,"4 Copley Place, 7th Floor",Boston,Massachusetts,2116,United States,(617) 532-6100,www.wayfair.com,"14,145",16200,Public,,3,,1,0.2,https://twitter.com/Wayfair,Wayfair,FALSE
24,47,150,World Fuel Services,Energy Services and Equipment,"9800 Northwest 41st Street, Suite 400",Miami,Florida,33178,United States,(305) 428-8000,www.wfscorp.com,"20,358",4300,Public,,16,0.4,1,0.2,https://twitter.com/world_fuel,world_fuel,FALSE
37,65,196,XPO,Transportation,Five Greenwich Office Park,Greenwich,Connecticut,6831,United States,(855) 976-6951,www.xpo.com,"16,252",108000,Public,,17,0.2,2,0.2,https://twitter.com/XPOLogistics,XPOLogistics,FALSE